<?xml version="1.0" encoding="UTF-8"?>
<beans xmlns="http://www.springframework.org/schema/beans"
	xmlns:xsi="http://www.w3.org/2001/XMLSchema-instance"
	xmlns:security="http://www.springframework.org/schema/security"
	xsi:schemaLocation="http://www.springframework.org/schema/beans 
		http://www.springframework.org/schema/beans/spring-beans.xsd
		http://www.springframework.org/schema/security 
		http://www.springframework.org/schema/security/spring-security.xsd">

	<security:http auto-config="true">
	
		<!-- 컨트롤러에 /login 또는 /welcome 요청이 들어오면 표시할 사용자 로그인 페이지를 지정한다. -->
		<!-- <security:form-login login-page="/loginForm"/> -->
		<!-- 로그인 실패 메시지를 출력하기 위해 authentication-failure-url="/loginForm?ng"를 추가한다. -->
		<security:form-login login-page="/loginForm" authentication-failure-url="/loginForm?ng"/>
		
		<security:intercept-url pattern="/login" access="ROLE_USER"/>
		<security:intercept-url pattern="/welcome" access="ROLE_ADMIN"/>
	</security:http>

	<security:authentication-manager>
		<security:authentication-provider>
			<security:user-service>
				<security:user name="user" password="123" authorities="ROLE_USER"/>
				<security:user name="admin" password="123" authorities="ROLE_USER, ROLE_ADMIN"/>
			</security:user-service>
		</security:authentication-provider>
	</security:authentication-manager>

</beans>
